Fjordhütte,gemütliche Hütte am Fjord Nissum,50
Hotel Himmelsschloss,luxuriöses Hotel,38
Herbege Bruchbude,rustikale Bruchbude in herrlicher Landschaft,40
Bed and Breakfast Brotpalast,einfache Übernachtungsmöglichkeit,12
Local Hosting Inn,lokales Gasthaus,16
Jürgens Erdbeerhof,idyllischer Erdbeerhof mit Unterkünften für bis zu 1400 Gäste,14
Waldhütte,gemütliche Hütte mitten im Wald,20
Seehotel,Luxushotel mit Blick auf den See,50
Ferienwohnung am Meer,moderne Ferienwohnung direkt am Meer,6
Pension am Berghang,gemütliche Pension in den Bergen,25
Landgut,historisches Landgut mit Unterkünften und Restaurant,40
Stadthotel,modernes Stadthotel im Herzen der Stadt,50
Landhaus,idyllisches Landhaus mit Garten,15
Bauernhof,Bauernhof mit Ferienwohnungen und hauseigenem Restaurant,20
Villa am See,luxuriöse Villa mit Swimmingpool und direktem Seezugang,10
Jugendherberge,preiswerte Übernachtungsmöglichkeit für junge Leute,50
Hotel am Fluss,Hotel mit Blick auf den Fluss und eigenem Spa-Bereich,40
Ferienhaus am Strand,modernes Ferienhaus direkt am Strand,8
Ferienwohnung im Bergland,gemütliche Ferienwohnung mitten im Bergland,4
Appartement in der Stadt,modernes Appartement in der Stadt mit voll ausgestatteter Küche,2
Hotel am Waldrand,Hotel mit Blick auf den Wald und direktem Zugang zu Wanderwegen,30
Strandhotel,Luxushotel direkt am Strand,50
Familienferienhaus,geräumiges Ferienhaus für Familien,12
Boutique-Hotel,exklusives Boutique-Hotel im Stadtzentrum,20
Ferienwohnung im Grünen,gemütliche Ferienwohnung mitten im Grünen,6
Jugendherberge in der Stadt,preiswerte Übernachtungsmöglichkeit für junge Leute in der Stadt,50
Design-Hotel,modernes Design-Hotel im Stadtzentrum,40
Ferienhaus am See,gemütliches Ferienhaus direkt am See,8
Chalet im Schnee,gemütliches Chalet mitten im Schnee,4
Loft in der Stadt,modernes Loft in der Stadt mit voll ausgestatteter Küche,2
Hotel am Flussufer,Hotel mit Blick auf den Fluss und eigenem Spa-Bereich,30
Wellness-Hotel,Luxushotel mit eigenem Spa-Bereich,50
Ferienwohnung am Seeufer,gemütliche Ferienwohnung direkt am Seeufer,12
Hotel im Grünen,Hotel mitten im Grünen mit Blick auf die Berge,20
Ferienhaus im Wald,gemütliches Ferienhaus mitten im Wald,6
Jugendherberge in den Bergen,preiswerte Übernachtungsmöglichkeit für junge Leute in den Bergen,50
Boutique-Hotel im Grünen,exklusives Boutique-Hotel mitten im Grünen,40
Ferienhaus am Flussufer,gemütliches Ferienhaus direkt am Flussufer,8
Chalet am See,gemütliches Chalet direkt am See,4
Appartement im Schnee,modernes Appartement mitten im Schnee,2
Hotel in den Bergen,Hotel in den Bergen mit Blick auf die Landschaft,30
Ferienwohnung am Flussufer,gemütliche Ferienwohnung direkt am Flussufer,8
Jugendherberge im Grünen,preiswerte Übernachtungsmöglichkeit für junge Leute mitten im Grünen,6
Ferienhaus am Fluss,gemütliches Ferienhaus mit Blick auf den Fluss,4
Ferienwohnung am Meer,moderne Ferienwohnung direkt am Meer,2
B&B in den Bergen,Bed and Breakfast mitten in den Bergen mit Blick auf die Landschaft,30
Hotel im Grünen,Hotel mitten im Grünen mit vielen Freizeitaktivitäten,50
Ferienwohnung in der Stadt,gemütliche Ferienwohnung mitten in der Stadt,12
Jugendherberge am See,preiswerte Übernachtungsmöglichkeit für junge Leute direkt am See,10
Ferienhaus in den Bergen,gemütliches Ferienhaus mitten in den Bergen,8
Ferienwohnung am See,gemütliche Ferienwohnung direkt am See,6